--
-- PostgreSQL database dump
--

\restrict 8rs6kqAfs2DaspHxsPa3B2UCl17GrOLfi0P9xoGdHLR7uLzqa7rG780ysLrQZD7

-- Dumped from database version 16.14
-- Dumped by pg_dump version 16.14

SET statement_timeout = 0;
SET lock_timeout = 0;
SET idle_in_transaction_session_timeout = 0;
SET client_encoding = 'UTF8';
SET standard_conforming_strings = on;
SELECT pg_catalog.set_config('search_path', '', false);
SET check_function_bodies = false;
SET xmloption = content;
SET client_min_messages = warning;
SET row_security = off;

SET default_tablespace = '';

SET default_table_access_method = heap;

--
-- Name: auth_group; Type: TABLE; Schema: public; Owner: reversa
--

CREATE TABLE public.auth_group (
    id integer NOT NULL,
    name character varying(150) NOT NULL
);


ALTER TABLE public.auth_group OWNER TO reversa;

--
-- Name: auth_group_id_seq; Type: SEQUENCE; Schema: public; Owner: reversa
--

ALTER TABLE public.auth_group ALTER COLUMN id ADD GENERATED BY DEFAULT AS IDENTITY (
    SEQUENCE NAME public.auth_group_id_seq
    START WITH 1
    INCREMENT BY 1
    NO MINVALUE
    NO MAXVALUE
    CACHE 1
);


--
-- Name: auth_group_permissions; Type: TABLE; Schema: public; Owner: reversa
--

CREATE TABLE public.auth_group_permissions (
    id bigint NOT NULL,
    group_id integer NOT NULL,
    permission_id integer NOT NULL
);


ALTER TABLE public.auth_group_permissions OWNER TO reversa;

--
-- Name: auth_group_permissions_id_seq; Type: SEQUENCE; Schema: public; Owner: reversa
--

ALTER TABLE public.auth_group_permissions ALTER COLUMN id ADD GENERATED BY DEFAULT AS IDENTITY (
    SEQUENCE NAME public.auth_group_permissions_id_seq
    START WITH 1
    INCREMENT BY 1
    NO MINVALUE
    NO MAXVALUE
    CACHE 1
);


--
-- Name: auth_permission; Type: TABLE; Schema: public; Owner: reversa
--

CREATE TABLE public.auth_permission (
    id integer NOT NULL,
    name character varying(255) NOT NULL,
    content_type_id integer NOT NULL,
    codename character varying(100) NOT NULL
);


ALTER TABLE public.auth_permission OWNER TO reversa;

--
-- Name: auth_permission_id_seq; Type: SEQUENCE; Schema: public; Owner: reversa
--

ALTER TABLE public.auth_permission ALTER COLUMN id ADD GENERATED BY DEFAULT AS IDENTITY (
    SEQUENCE NAME public.auth_permission_id_seq
    START WITH 1
    INCREMENT BY 1
    NO MINVALUE
    NO MAXVALUE
    CACHE 1
);


--
-- Name: blog_blog; Type: TABLE; Schema: public; Owner: reversa
--

CREATE TABLE public.blog_blog (
    id bigint NOT NULL,
    title character varying(250) NOT NULL,
    slug character varying(50),
    banner character varying(100) NOT NULL,
    description text NOT NULL,
    created_date date NOT NULL,
    user_id bigint NOT NULL,
    category_id bigint NOT NULL
);


ALTER TABLE public.blog_blog OWNER TO reversa;

--
-- Name: blog_blog_id_seq; Type: SEQUENCE; Schema: public; Owner: reversa
--

ALTER TABLE public.blog_blog ALTER COLUMN id ADD GENERATED BY DEFAULT AS IDENTITY (
    SEQUENCE NAME public.blog_blog_id_seq
    START WITH 1
    INCREMENT BY 1
    NO MINVALUE
    NO MAXVALUE
    CACHE 1
);


--
-- Name: blog_blog_likes; Type: TABLE; Schema: public; Owner: reversa
--

CREATE TABLE public.blog_blog_likes (
    id bigint NOT NULL,
    blog_id bigint NOT NULL,
    user_id bigint NOT NULL
);


ALTER TABLE public.blog_blog_likes OWNER TO reversa;

--
-- Name: blog_blog_likes_id_seq; Type: SEQUENCE; Schema: public; Owner: reversa
--

ALTER TABLE public.blog_blog_likes ALTER COLUMN id ADD GENERATED BY DEFAULT AS IDENTITY (
    SEQUENCE NAME public.blog_blog_likes_id_seq
    START WITH 1
    INCREMENT BY 1
    NO MINVALUE
    NO MAXVALUE
    CACHE 1
);


--
-- Name: blog_blog_tags; Type: TABLE; Schema: public; Owner: reversa
--

CREATE TABLE public.blog_blog_tags (
    id bigint NOT NULL,
    blog_id bigint NOT NULL,
    tag_id bigint NOT NULL
);


ALTER TABLE public.blog_blog_tags OWNER TO reversa;

--
-- Name: blog_blog_tags_id_seq; Type: SEQUENCE; Schema: public; Owner: reversa
--

ALTER TABLE public.blog_blog_tags ALTER COLUMN id ADD GENERATED BY DEFAULT AS IDENTITY (
    SEQUENCE NAME public.blog_blog_tags_id_seq
    START WITH 1
    INCREMENT BY 1
    NO MINVALUE
    NO MAXVALUE
    CACHE 1
);


--
-- Name: blog_category; Type: TABLE; Schema: public; Owner: reversa
--

CREATE TABLE public.blog_category (
    id bigint NOT NULL,
    title character varying(150) NOT NULL,
    slug character varying(50),
    created_date date NOT NULL
);


ALTER TABLE public.blog_category OWNER TO reversa;

--
-- Name: blog_category_id_seq; Type: SEQUENCE; Schema: public; Owner: reversa
--

ALTER TABLE public.blog_category ALTER COLUMN id ADD GENERATED BY DEFAULT AS IDENTITY (
    SEQUENCE NAME public.blog_category_id_seq
    START WITH 1
    INCREMENT BY 1
    NO MINVALUE
    NO MAXVALUE
    CACHE 1
);


--
-- Name: blog_comment; Type: TABLE; Schema: public; Owner: reversa
--

CREATE TABLE public.blog_comment (
    id bigint NOT NULL,
    text text NOT NULL,
    created_date timestamp with time zone NOT NULL,
    blog_id bigint NOT NULL,
    user_id bigint NOT NULL
);


ALTER TABLE public.blog_comment OWNER TO reversa;

--
-- Name: blog_comment_id_seq; Type: SEQUENCE; Schema: public; Owner: reversa
--

ALTER TABLE public.blog_comment ALTER COLUMN id ADD GENERATED BY DEFAULT AS IDENTITY (
    SEQUENCE NAME public.blog_comment_id_seq
    START WITH 1
    INCREMENT BY 1
    NO MINVALUE
    NO MAXVALUE
    CACHE 1
);


--
-- Name: blog_reply; Type: TABLE; Schema: public; Owner: reversa
--

CREATE TABLE public.blog_reply (
    id bigint NOT NULL,
    text text NOT NULL,
    created_date timestamp with time zone NOT NULL,
    comment_id bigint NOT NULL,
    user_id bigint NOT NULL
);


ALTER TABLE public.blog_reply OWNER TO reversa;

--
-- Name: blog_reply_id_seq; Type: SEQUENCE; Schema: public; Owner: reversa
--

ALTER TABLE public.blog_reply ALTER COLUMN id ADD GENERATED BY DEFAULT AS IDENTITY (
    SEQUENCE NAME public.blog_reply_id_seq
    START WITH 1
    INCREMENT BY 1
    NO MINVALUE
    NO MAXVALUE
    CACHE 1
);


--
-- Name: blog_tag; Type: TABLE; Schema: public; Owner: reversa
--

CREATE TABLE public.blog_tag (
    id bigint NOT NULL,
    title character varying(150) NOT NULL,
    slug character varying(50),
    created_date date NOT NULL
);


ALTER TABLE public.blog_tag OWNER TO reversa;

--
-- Name: blog_tag_id_seq; Type: SEQUENCE; Schema: public; Owner: reversa
--

ALTER TABLE public.blog_tag ALTER COLUMN id ADD GENERATED BY DEFAULT AS IDENTITY (
    SEQUENCE NAME public.blog_tag_id_seq
    START WITH 1
    INCREMENT BY 1
    NO MINVALUE
    NO MAXVALUE
    CACHE 1
);


--
-- Name: django_admin_log; Type: TABLE; Schema: public; Owner: reversa
--

CREATE TABLE public.django_admin_log (
    id integer NOT NULL,
    action_time timestamp with time zone NOT NULL,
    object_id text,
    object_repr character varying(200) NOT NULL,
    action_flag smallint NOT NULL,
    change_message text NOT NULL,
    content_type_id integer,
    user_id bigint NOT NULL,
    CONSTRAINT django_admin_log_action_flag_check CHECK ((action_flag >= 0))
);


ALTER TABLE public.django_admin_log OWNER TO reversa;

--
-- Name: django_admin_log_id_seq; Type: SEQUENCE; Schema: public; Owner: reversa
--

ALTER TABLE public.django_admin_log ALTER COLUMN id ADD GENERATED BY DEFAULT AS IDENTITY (
    SEQUENCE NAME public.django_admin_log_id_seq
    START WITH 1
    INCREMENT BY 1
    NO MINVALUE
    NO MAXVALUE
    CACHE 1
);


--
-- Name: django_content_type; Type: TABLE; Schema: public; Owner: reversa
--

CREATE TABLE public.django_content_type (
    id integer NOT NULL,
    app_label character varying(100) NOT NULL,
    model character varying(100) NOT NULL
);


ALTER TABLE public.django_content_type OWNER TO reversa;

--
-- Name: django_content_type_id_seq; Type: SEQUENCE; Schema: public; Owner: reversa
--

ALTER TABLE public.django_content_type ALTER COLUMN id ADD GENERATED BY DEFAULT AS IDENTITY (
    SEQUENCE NAME public.django_content_type_id_seq
    START WITH 1
    INCREMENT BY 1
    NO MINVALUE
    NO MAXVALUE
    CACHE 1
);


--
-- Name: django_migrations; Type: TABLE; Schema: public; Owner: reversa
--

CREATE TABLE public.django_migrations (
    id bigint NOT NULL,
    app character varying(255) NOT NULL,
    name character varying(255) NOT NULL,
    applied timestamp with time zone NOT NULL
);


ALTER TABLE public.django_migrations OWNER TO reversa;

--
-- Name: django_migrations_id_seq; Type: SEQUENCE; Schema: public; Owner: reversa
--

ALTER TABLE public.django_migrations ALTER COLUMN id ADD GENERATED BY DEFAULT AS IDENTITY (
    SEQUENCE NAME public.django_migrations_id_seq
    START WITH 1
    INCREMENT BY 1
    NO MINVALUE
    NO MAXVALUE
    CACHE 1
);


--
-- Name: django_session; Type: TABLE; Schema: public; Owner: reversa
--

CREATE TABLE public.django_session (
    session_key character varying(40) NOT NULL,
    session_data text NOT NULL,
    expire_date timestamp with time zone NOT NULL
);


ALTER TABLE public.django_session OWNER TO reversa;

--
-- Name: events_event; Type: TABLE; Schema: public; Owner: reversa
--

CREATE TABLE public.events_event (
    id bigint NOT NULL,
    title character varying(250) NOT NULL,
    slug character varying(50),
    description text NOT NULL,
    user_id bigint NOT NULL,
    category_id bigint NOT NULL,
    image character varying(100),
    video character varying(100),
    "order" integer NOT NULL,
    CONSTRAINT events_event_order_check CHECK (("order" >= 0))
);


ALTER TABLE public.events_event OWNER TO reversa;

--
-- Name: events_event_id_seq; Type: SEQUENCE; Schema: public; Owner: reversa
--

ALTER TABLE public.events_event ALTER COLUMN id ADD GENERATED BY DEFAULT AS IDENTITY (
    SEQUENCE NAME public.events_event_id_seq
    START WITH 1
    INCREMENT BY 1
    NO MINVALUE
    NO MAXVALUE
    CACHE 1
);


--
-- Name: events_eventcategory; Type: TABLE; Schema: public; Owner: reversa
--

CREATE TABLE public.events_eventcategory (
    id bigint NOT NULL,
    title character varying(150) NOT NULL,
    slug character varying(50),
    created_date date NOT NULL
);


ALTER TABLE public.events_eventcategory OWNER TO reversa;

--
-- Name: events_eventcategory_id_seq; Type: SEQUENCE; Schema: public; Owner: reversa
--

ALTER TABLE public.events_eventcategory ALTER COLUMN id ADD GENERATED BY DEFAULT AS IDENTITY (
    SEQUENCE NAME public.events_eventcategory_id_seq
    START WITH 1
    INCREMENT BY 1
    NO MINVALUE
    NO MAXVALUE
    CACHE 1
);


--
-- Name: gallery_gallerycategory; Type: TABLE; Schema: public; Owner: reversa
--

CREATE TABLE public.gallery_gallerycategory (
    id bigint NOT NULL,
    title character varying(150) NOT NULL,
    slug character varying(50),
    created_date date NOT NULL
);


ALTER TABLE public.gallery_gallerycategory OWNER TO reversa;

--
-- Name: gallery_gallerycategory_id_seq; Type: SEQUENCE; Schema: public; Owner: reversa
--

ALTER TABLE public.gallery_gallerycategory ALTER COLUMN id ADD GENERATED BY DEFAULT AS IDENTITY (
    SEQUENCE NAME public.gallery_gallerycategory_id_seq
    START WITH 1
    INCREMENT BY 1
    NO MINVALUE
    NO MAXVALUE
    CACHE 1
);


--
-- Name: gallery_galleryimage; Type: TABLE; Schema: public; Owner: reversa
--

CREATE TABLE public.gallery_galleryimage (
    id bigint NOT NULL,
    title character varying(250) NOT NULL,
    slug character varying(50),
    image character varying(100) NOT NULL,
    description text NOT NULL,
    created_date timestamp with time zone NOT NULL,
    category_id bigint,
    user_id bigint NOT NULL,
    available boolean NOT NULL,
    dimensions character varying(100) NOT NULL,
    price numeric(10,2),
    technique character varying(150) NOT NULL,
    year character varying(10) NOT NULL,
    "order" integer NOT NULL,
    paper_size character varying(100) NOT NULL,
    is_premium boolean NOT NULL,
    is_public boolean NOT NULL,
    is_featured boolean NOT NULL,
    CONSTRAINT gallery_galleryimage_order_check CHECK (("order" >= 0))
);


ALTER TABLE public.gallery_galleryimage OWNER TO reversa;

--
-- Name: gallery_galleryimage_id_seq; Type: SEQUENCE; Schema: public; Owner: reversa
--

ALTER TABLE public.gallery_galleryimage ALTER COLUMN id ADD GENERATED BY DEFAULT AS IDENTITY (
    SEQUENCE NAME public.gallery_galleryimage_id_seq
    START WITH 1
    INCREMENT BY 1
    NO MINVALUE
    NO MAXVALUE
    CACHE 1
);


--
-- Name: herophotos_herophoto; Type: TABLE; Schema: public; Owner: reversa
--

CREATE TABLE public.herophotos_herophoto (
    id bigint NOT NULL,
    title character varying(200) NOT NULL,
    subtitle character varying(300) NOT NULL,
    image character varying(100) NOT NULL,
    "order" integer NOT NULL,
    is_active boolean NOT NULL,
    created_date timestamp with time zone NOT NULL,
    user_id bigint NOT NULL,
    CONSTRAINT herophotos_herophoto_order_check CHECK (("order" >= 0))
);


ALTER TABLE public.herophotos_herophoto OWNER TO reversa;

--
-- Name: herophotos_herophoto_id_seq; Type: SEQUENCE; Schema: public; Owner: reversa
--

ALTER TABLE public.herophotos_herophoto ALTER COLUMN id ADD GENERATED BY DEFAULT AS IDENTITY (
    SEQUENCE NAME public.herophotos_herophoto_id_seq
    START WITH 1
    INCREMENT BY 1
    NO MINVALUE
    NO MAXVALUE
    CACHE 1
);


--
-- Name: projects_ideaprivada; Type: TABLE; Schema: public; Owner: reversa
--

CREATE TABLE public.projects_ideaprivada (
    id bigint NOT NULL,
    titulo character varying(200) NOT NULL,
    descripcion text NOT NULL,
    creado_en timestamp with time zone NOT NULL,
    leida boolean NOT NULL
);


ALTER TABLE public.projects_ideaprivada OWNER TO reversa;

--
-- Name: projects_ideaprivada_id_seq; Type: SEQUENCE; Schema: public; Owner: reversa
--

ALTER TABLE public.projects_ideaprivada ALTER COLUMN id ADD GENERATED BY DEFAULT AS IDENTITY (
    SEQUENCE NAME public.projects_ideaprivada_id_seq
    START WITH 1
    INCREMENT BY 1
    NO MINVALUE
    NO MAXVALUE
    CACHE 1
);


--
-- Name: projects_proyecto; Type: TABLE; Schema: public; Owner: reversa
--

CREATE TABLE public.projects_proyecto (
    id bigint NOT NULL,
    titulo character varying(200) NOT NULL,
    categoria character varying(3000) NOT NULL,
    creado_en timestamp with time zone NOT NULL
);


ALTER TABLE public.projects_proyecto OWNER TO reversa;

--
-- Name: projects_proyecto_id_seq; Type: SEQUENCE; Schema: public; Owner: reversa
--

ALTER TABLE public.projects_proyecto ALTER COLUMN id ADD GENERATED BY DEFAULT AS IDENTITY (
    SEQUENCE NAME public.projects_proyecto_id_seq
    START WITH 1
    INCREMENT BY 1
    NO MINVALUE
    NO MAXVALUE
    CACHE 1
);


--
-- Name: user_profile_biophoto; Type: TABLE; Schema: public; Owner: reversa
--

CREATE TABLE public.user_profile_biophoto (
    id bigint NOT NULL,
    image character varying(100) NOT NULL,
    caption character varying(200) NOT NULL,
    "order" integer NOT NULL,
    is_active boolean NOT NULL,
    created_date timestamp with time zone NOT NULL,
    CONSTRAINT user_profile_biophoto_order_check CHECK (("order" >= 0))
);


ALTER TABLE public.user_profile_biophoto OWNER TO reversa;

--
-- Name: user_profile_biophoto_id_seq; Type: SEQUENCE; Schema: public; Owner: reversa
--

ALTER TABLE public.user_profile_biophoto ALTER COLUMN id ADD GENERATED BY DEFAULT AS IDENTITY (
    SEQUENCE NAME public.user_profile_biophoto_id_seq
    START WITH 1
    INCREMENT BY 1
    NO MINVALUE
    NO MAXVALUE
    CACHE 1
);


--
-- Name: user_profile_exhibition; Type: TABLE; Schema: public; Owner: reversa
--

CREATE TABLE public.user_profile_exhibition (
    id bigint NOT NULL,
    title character varying(200) NOT NULL,
    location character varying(200) NOT NULL,
    start_date date NOT NULL,
    end_date date,
    description text NOT NULL,
    url character varying(200) NOT NULL,
    created_date timestamp with time zone NOT NULL
);


ALTER TABLE public.user_profile_exhibition OWNER TO reversa;

--
-- Name: user_profile_exhibition_id_seq; Type: SEQUENCE; Schema: public; Owner: reversa
--

ALTER TABLE public.user_profile_exhibition ALTER COLUMN id ADD GENERATED BY DEFAULT AS IDENTITY (
    SEQUENCE NAME public.user_profile_exhibition_id_seq
    START WITH 1
    INCREMENT BY 1
    NO MINVALUE
    NO MAXVALUE
    CACHE 1
);


--
-- Name: user_profile_follow; Type: TABLE; Schema: public; Owner: reversa
--

CREATE TABLE public.user_profile_follow (
    id bigint NOT NULL,
    muted boolean NOT NULL,
    created_date timestamp with time zone NOT NULL,
    followed_id bigint NOT NULL,
    followed_by_id bigint NOT NULL
);


ALTER TABLE public.user_profile_follow OWNER TO reversa;

--
-- Name: user_profile_follow_id_seq; Type: SEQUENCE; Schema: public; Owner: reversa
--

ALTER TABLE public.user_profile_follow ALTER COLUMN id ADD GENERATED BY DEFAULT AS IDENTITY (
    SEQUENCE NAME public.user_profile_follow_id_seq
    START WITH 1
    INCREMENT BY 1
    NO MINVALUE
    NO MAXVALUE
    CACHE 1
);


--
-- Name: user_profile_sitesettings; Type: TABLE; Schema: public; Owner: reversa
--

CREATE TABLE public.user_profile_sitesettings (
    id bigint NOT NULL,
    nav_blogs character varying(50) NOT NULL,
    nav_events character varying(50) NOT NULL,
    nav_gallery character varying(50) NOT NULL,
    site_title character varying(80) NOT NULL,
    favicon character varying(100),
    accent_color character varying(7) NOT NULL,
    instagram_url character varying(200) NOT NULL,
    tiktok_url character varying(200) NOT NULL,
    hero_video character varying(100),
    home_logo character varying(100),
    bio_text text NOT NULL,
    bio_video character varying(100),
    bio_photo character varying(100),
    hero_text text NOT NULL
);


ALTER TABLE public.user_profile_sitesettings OWNER TO reversa;

--
-- Name: user_profile_sitesettings_id_seq; Type: SEQUENCE; Schema: public; Owner: reversa
--

ALTER TABLE public.user_profile_sitesettings ALTER COLUMN id ADD GENERATED BY DEFAULT AS IDENTITY (
    SEQUENCE NAME public.user_profile_sitesettings_id_seq
    START WITH 1
    INCREMENT BY 1
    NO MINVALUE
    NO MAXVALUE
    CACHE 1
);


--
-- Name: user_profile_user; Type: TABLE; Schema: public; Owner: reversa
--

CREATE TABLE public.user_profile_user (
    id bigint NOT NULL,
    password character varying(128) NOT NULL,
    last_login timestamp with time zone,
    is_superuser boolean NOT NULL,
    username character varying(150) NOT NULL,
    first_name character varying(150) NOT NULL,
    last_name character varying(150) NOT NULL,
    is_staff boolean NOT NULL,
    is_active boolean NOT NULL,
    date_joined timestamp with time zone NOT NULL,
    email character varying(150) NOT NULL,
    profile_image character varying(100)
);


ALTER TABLE public.user_profile_user OWNER TO reversa;

--
-- Name: user_profile_user_followers; Type: TABLE; Schema: public; Owner: reversa
--

CREATE TABLE public.user_profile_user_followers (
    id bigint NOT NULL,
    user_id bigint NOT NULL,
    follow_id bigint NOT NULL
);


ALTER TABLE public.user_profile_user_followers OWNER TO reversa;

--
-- Name: user_profile_user_followers_id_seq; Type: SEQUENCE; Schema: public; Owner: reversa
--

ALTER TABLE public.user_profile_user_followers ALTER COLUMN id ADD GENERATED BY DEFAULT AS IDENTITY (
    SEQUENCE NAME public.user_profile_user_followers_id_seq
    START WITH 1
    INCREMENT BY 1
    NO MINVALUE
    NO MAXVALUE
    CACHE 1
);


--
-- Name: user_profile_user_groups; Type: TABLE; Schema: public; Owner: reversa
--

CREATE TABLE public.user_profile_user_groups (
    id bigint NOT NULL,
    user_id bigint NOT NULL,
    group_id integer NOT NULL
);


ALTER TABLE public.user_profile_user_groups OWNER TO reversa;

--
-- Name: user_profile_user_groups_id_seq; Type: SEQUENCE; Schema: public; Owner: reversa
--

ALTER TABLE public.user_profile_user_groups ALTER COLUMN id ADD GENERATED BY DEFAULT AS IDENTITY (
    SEQUENCE NAME public.user_profile_user_groups_id_seq
    START WITH 1
    INCREMENT BY 1
    NO MINVALUE
    NO MAXVALUE
    CACHE 1
);


--
-- Name: user_profile_user_id_seq; Type: SEQUENCE; Schema: public; Owner: reversa
--

ALTER TABLE public.user_profile_user ALTER COLUMN id ADD GENERATED BY DEFAULT AS IDENTITY (
    SEQUENCE NAME public.user_profile_user_id_seq
    START WITH 1
    INCREMENT BY 1
    NO MINVALUE
    NO MAXVALUE
    CACHE 1
);


--
-- Name: user_profile_user_user_permissions; Type: TABLE; Schema: public; Owner: reversa
--

CREATE TABLE public.user_profile_user_user_permissions (
    id bigint NOT NULL,
    user_id bigint NOT NULL,
    permission_id integer NOT NULL
);


ALTER TABLE public.user_profile_user_user_permissions OWNER TO reversa;

--
-- Name: user_profile_user_user_permissions_id_seq; Type: SEQUENCE; Schema: public; Owner: reversa
--

ALTER TABLE public.user_profile_user_user_permissions ALTER COLUMN id ADD GENERATED BY DEFAULT AS IDENTITY (
    SEQUENCE NAME public.user_profile_user_user_permissions_id_seq
    START WITH 1
    INCREMENT BY 1
    NO MINVALUE
    NO MAXVALUE
    CACHE 1
);


--
-- Data for Name: auth_group; Type: TABLE DATA; Schema: public; Owner: reversa
--

COPY public.auth_group (id, name) FROM stdin;
\.


--
-- Data for Name: auth_group_permissions; Type: TABLE DATA; Schema: public; Owner: reversa
--

COPY public.auth_group_permissions (id, group_id, permission_id) FROM stdin;
\.


--
-- Data for Name: auth_permission; Type: TABLE DATA; Schema: public; Owner: reversa
--

COPY public.auth_permission (id, name, content_type_id, codename) FROM stdin;
1	Can add log entry	1	add_logentry
2	Can change log entry	1	change_logentry
3	Can delete log entry	1	delete_logentry
4	Can view log entry	1	view_logentry
5	Can add permission	2	add_permission
6	Can change permission	2	change_permission
7	Can delete permission	2	delete_permission
8	Can view permission	2	view_permission
9	Can add group	3	add_group
10	Can change group	3	change_group
11	Can delete group	3	delete_group
12	Can view group	3	view_group
13	Can add content type	4	add_contenttype
14	Can change content type	4	change_contenttype
15	Can delete content type	4	delete_contenttype
16	Can view content type	4	view_contenttype
17	Can add session	5	add_session
18	Can change session	5	change_session
19	Can delete session	5	delete_session
20	Can view session	5	view_session
21	Can add category	6	add_category
22	Can change category	6	change_category
23	Can delete category	6	delete_category
24	Can view category	6	view_category
25	Can add tag	7	add_tag
26	Can change tag	7	change_tag
27	Can delete tag	7	delete_tag
28	Can view tag	7	view_tag
29	Can add blog	8	add_blog
30	Can change blog	8	change_blog
31	Can delete blog	8	delete_blog
32	Can view blog	8	view_blog
33	Can add comment	9	add_comment
34	Can change comment	9	change_comment
35	Can delete comment	9	delete_comment
36	Can view comment	9	view_comment
37	Can add reply	10	add_reply
38	Can change reply	10	change_reply
39	Can delete reply	10	delete_reply
40	Can view reply	10	view_reply
41	Can add event category	11	add_eventcategory
42	Can change event category	11	change_eventcategory
43	Can delete event category	11	delete_eventcategory
44	Can view event category	11	view_eventcategory
45	Can add event	12	add_event
46	Can change event	12	change_event
47	Can delete event	12	delete_event
48	Can view event	12	view_event
49	Can add idea privada	13	add_ideaprivada
50	Can change idea privada	13	change_ideaprivada
51	Can delete idea privada	13	delete_ideaprivada
52	Can view idea privada	13	view_ideaprivada
53	Can add proyecto	14	add_proyecto
54	Can change proyecto	14	change_proyecto
55	Can delete proyecto	14	delete_proyecto
56	Can view proyecto	14	view_proyecto
57	Can add user	15	add_user
58	Can change user	15	change_user
59	Can delete user	15	delete_user
60	Can view user	15	view_user
61	Can add follow	16	add_follow
62	Can change follow	16	change_follow
63	Can delete follow	16	delete_follow
64	Can view follow	16	view_follow
65	Can add gallery category	17	add_gallerycategory
66	Can change gallery category	17	change_gallerycategory
67	Can delete gallery category	17	delete_gallerycategory
68	Can view gallery category	17	view_gallerycategory
69	Can add gallery image	18	add_galleryimage
70	Can change gallery image	18	change_galleryimage
71	Can delete gallery image	18	delete_galleryimage
72	Can view gallery image	18	view_galleryimage
73	Can add Hero photo	19	add_herophoto
74	Can change Hero photo	19	change_herophoto
75	Can delete Hero photo	19	delete_herophoto
76	Can view Hero photo	19	view_herophoto
77	Can add Configuración del sitio	20	add_sitesettings
78	Can change Configuración del sitio	20	change_sitesettings
79	Can delete Configuración del sitio	20	delete_sitesettings
80	Can view Configuración del sitio	20	view_sitesettings
81	Can add Foto de la biografía	21	add_biophoto
82	Can change Foto de la biografía	21	change_biophoto
83	Can delete Foto de la biografía	21	delete_biophoto
84	Can view Foto de la biografía	21	view_biophoto
85	Can add Exhibición	22	add_exhibition
86	Can change Exhibición	22	change_exhibition
87	Can delete Exhibición	22	delete_exhibition
88	Can view Exhibición	22	view_exhibition
\.


--
-- Data for Name: blog_blog; Type: TABLE DATA; Schema: public; Owner: reversa
--

COPY public.blog_blog (id, title, slug, banner, description, created_date, user_id, category_id) FROM stdin;
2	das	das	blog_banners/4.jpg	<p>dsa</p>	2026-06-19	1	1
3	dsa	dsa	blog_banners/Screenshot_1.jpg	<p>das</p>	2026-06-19	1	1
4	das	das-fjwm	blog_banners/2.jpg	<p>das</p>	2026-06-19	1	1
\.


--
-- Data for Name: blog_blog_likes; Type: TABLE DATA; Schema: public; Owner: reversa
--

COPY public.blog_blog_likes (id, blog_id, user_id) FROM stdin;
\.


--
-- Data for Name: blog_blog_tags; Type: TABLE DATA; Schema: public; Owner: reversa
--

COPY public.blog_blog_tags (id, blog_id, tag_id) FROM stdin;
\.


--
-- Data for Name: blog_category; Type: TABLE DATA; Schema: public; Owner: reversa
--

COPY public.blog_category (id, title, slug, created_date) FROM stdin;
1	Acrillic and aerographic mixed media paint	acrillic-and-aerographic-mixed-media-paint	2026-06-09
2	Actually work in progress	actually-work-in-progress	2026-06-19
3	Comission works (book covers, designs..)	comission-works-book-covers-designs	2026-06-19
4	Creativie process	creativie-process	2026-06-19
5	Digital art and mixed media art	digital-art-and-mixed-media-art	2026-06-19
6	Expositions	expositions	2026-06-19
7	Flyers, packaging and promotion	flyers-packaging-and-promotion	2026-06-19
8	Free hand freestyle	free-hand-freestyle	2026-06-19
9	Illustration for bands and discographies	illustration-for-bands-and-discographies	2026-06-19
10	Inks and pencil draws	inks-and-pencil-draws	2026-06-19
11	Oil painting	oil-painting	2026-06-19
12	Sale in stock	sale-in-stock	2026-06-19
\.


--
-- Data for Name: blog_comment; Type: TABLE DATA; Schema: public; Owner: reversa
--

COPY public.blog_comment (id, text, created_date, blog_id, user_id) FROM stdin;
\.


--
-- Data for Name: blog_reply; Type: TABLE DATA; Schema: public; Owner: reversa
--

COPY public.blog_reply (id, text, created_date, comment_id, user_id) FROM stdin;
\.


--
-- Data for Name: blog_tag; Type: TABLE DATA; Schema: public; Owner: reversa
--

COPY public.blog_tag (id, title, slug, created_date) FROM stdin;
1	fsd	fsd	2026-06-09
\.


--
-- Data for Name: django_admin_log; Type: TABLE DATA; Schema: public; Owner: reversa
--

COPY public.django_admin_log (id, action_time, object_id, object_repr, action_flag, change_message, content_type_id, user_id) FROM stdin;
\.


--
-- Data for Name: django_content_type; Type: TABLE DATA; Schema: public; Owner: reversa
--

COPY public.django_content_type (id, app_label, model) FROM stdin;
1	admin	logentry
2	auth	permission
3	auth	group
4	contenttypes	contenttype
5	sessions	session
6	blog	category
7	blog	tag
8	blog	blog
9	blog	comment
10	blog	reply
11	events	eventcategory
12	events	event
13	projects	ideaprivada
14	projects	proyecto
15	user_profile	user
16	user_profile	follow
17	gallery	gallerycategory
18	gallery	galleryimage
19	herophotos	herophoto
20	user_profile	sitesettings
21	user_profile	biophoto
22	user_profile	exhibition
\.


--
-- Data for Name: django_migrations; Type: TABLE DATA; Schema: public; Owner: reversa
--

COPY public.django_migrations (id, app, name, applied) FROM stdin;
1	contenttypes	0001_initial	2026-06-09 15:45:52.496103+00
2	contenttypes	0002_remove_content_type_name	2026-06-09 15:45:52.507192+00
3	auth	0001_initial	2026-06-09 15:45:52.60055+00
4	auth	0002_alter_permission_name_max_length	2026-06-09 15:45:52.606099+00
5	auth	0003_alter_user_email_max_length	2026-06-09 15:45:52.611619+00
6	auth	0004_alter_user_username_opts	2026-06-09 15:45:52.620502+00
7	auth	0005_alter_user_last_login_null	2026-06-09 15:45:52.629259+00
8	auth	0006_require_contenttypes_0002	2026-06-09 15:45:52.63365+00
9	auth	0007_alter_validators_add_error_messages	2026-06-09 15:45:52.640781+00
10	auth	0008_alter_user_username_max_length	2026-06-09 15:45:52.647842+00
11	auth	0009_alter_user_last_name_max_length	2026-06-09 15:45:52.656662+00
12	auth	0010_alter_group_name_max_length	2026-06-09 15:45:52.668976+00
13	auth	0011_update_proxy_permissions	2026-06-09 15:45:52.677596+00
14	auth	0012_alter_user_first_name_max_length	2026-06-09 15:45:52.68617+00
15	user_profile	0001_initial	2026-06-09 15:45:52.929669+00
16	admin	0001_initial	2026-06-09 15:45:52.990924+00
17	admin	0002_logentry_remove_auto_add	2026-06-09 15:45:53.007367+00
18	admin	0003_logentry_add_action_flag_choices	2026-06-09 15:45:53.022697+00
19	blog	0001_initial	2026-06-09 15:45:53.312772+00
20	events	0001_initial	2026-06-09 15:45:53.427728+00
21	events	0002_remove_event_banner_remove_event_created_date_and_more	2026-06-09 15:45:53.527061+00
22	events	0003_alter_event_image	2026-06-09 15:45:53.550959+00
23	projects	0001_initial	2026-06-09 15:45:53.590622+00
24	sessions	0001_initial	2026-06-09 15:45:53.660496+00
25	gallery	0001_initial	2026-06-18 21:52:24.692898+00
26	gallery	0002_galleryimage_available_galleryimage_dimensions_and_more	2026-06-18 22:05:36.880259+00
27	herophotos	0001_initial	2026-06-18 22:35:05.702111+00
28	user_profile	0002_sitesettings	2026-06-19 00:36:08.201378+00
29	user_profile	0003_sitesettings_site_title	2026-06-19 01:08:10.594625+00
30	user_profile	0004_sitesettings_favicon	2026-06-19 01:10:34.283941+00
31	gallery	0003_alter_galleryimage_options_galleryimage_order	2026-06-19 01:16:52.183732+00
32	user_profile	0005_sitesettings_accent_color	2026-06-19 15:25:02.661847+00
33	user_profile	0006_sitesettings_instagram_url_sitesettings_tiktok_url	2026-06-19 18:45:02.478785+00
34	user_profile	0007_sitesettings_hero_video	2026-06-19 22:33:55.314769+00
35	user_profile	0008_sitesettings_home_logo	2026-06-19 22:54:04.493564+00
36	user_profile	0009_sitesettings_bio	2026-06-19 23:04:28.117676+00
37	user_profile	0010_biophoto_sitesettings_bio_photo	2026-06-19 23:24:00.885508+00
38	user_profile	0011_sitesettings_hero_text	2026-06-19 23:57:49.815661+00
39	gallery	0004_galleryimage_paper_size	2026-06-20 03:49:20.214613+00
40	gallery	0005_galleryimage_is_premium	2026-06-20 03:57:33.889779+00
41	user_profile	0012_exhibition	2026-06-20 04:06:43.746751+00
42	gallery	0006_galleryimage_is_public	2026-06-20 04:17:49.006864+00
43	gallery	0007_galleryimage_is_featured	2026-06-20 04:23:07.522667+00
44	events	0004_event_video_alter_event_description	2026-06-20 04:41:23.012835+00
45	events	0005_event_order_alter_event_options	2026-06-20 04:56:24.388247+00
\.


--
-- Data for Name: django_session; Type: TABLE DATA; Schema: public; Owner: reversa
--

COPY public.django_session (session_key, session_data, expire_date) FROM stdin;
3ebs4gxfsbu6f08vgyuefw2t7io0rz5m	.eJxVjMsOwiAQAP-FsyGSLbvo0bvfQJbHStVAUtpT478bkh70OjOZXXne1uK3nhc_J3VVRp1-WeD4ynWI9OT6aDq2ui5z0CPRh-363lJ-3472b1C4l7F1gGBhitlQ4CRsrbFMlAVpMhbFRQnBOWMQMOFFBIiJJ3BAZ0xRfb7UQzeH:1wX35q:8AaqOMn7atXsrUQkVCHJPqjrHHkfDiVm8vbAcnL0cW0	2026-06-23 20:30:38.354993+00
lr6jaqii54rz0s9lli04o5wviv7ui6n3	.eJxVjEsOwjAMRO-SNaqInNiBHUg9R-R8rESUFPWzQtwdirqA5byZeU_leV2KX-c8-ZrUWWl1-GWB4y23rfjGxzRKHXK347nr71yHy2ee21IjL3Vs1_3y5yk8l83uAMGCiVlT4CRsrbZMlAXJaIviooTgnNYImPAkAsTEBhzQEVNUrzfmyDrb:1waLQT:aULTJFp3waq6xohc2wJwkrtw7WE76Zo8biqKkgB3eHs	2026-07-02 22:41:33.129902+00
v3j0me1eb8f9bnmj62phtuhn1jutk3ne	.eJxVjEsOwjAMRO-SNaqInNiBHUg9R-R8rESUFPWzQtwdirqA5byZeU_leV2KX-c8-ZrUWWl1-GWB4y23rfjGxzRKHXK347nr71yHy2ee21IjL3Vs1_3y5yk8l83uAMGCiVlT4CRsrbZMlAXJaIviooTgnNYImPAkAsTEBhzQEVNUrzfmyDrb:1waLRP:I-Lo-wGKHdmEBOOjIwW4vNHkn0fK2jrmJmtz1yHyYQc	2026-07-02 22:42:31.051942+00
74m21m6c3ct1zh11b9947lbg7bl40sq2	.eJxVjEsOwjAMRO-SNaqInNiBHUg9R-R8rESUFPWzQtwdirqA5byZeU_leV2KX-c8-ZrUWWl1-GWB4y23rfjGxzRKHXK347nr71yHy2ee21IjL3Vs1_3y5yk8l83uAMGCiVlT4CRsrbZMlAXJaIviooTgnNYImPAkAsTEBhzQEVNUrzfmyDrb:1waN7U:ZEJw4wrBHyygFLnIZuIEZjMfbp6xvFWLWlb0CualmIk	2026-07-03 00:30:04.209696+00
se9g84xg5q3pen9voyu824i67ucpadep	.eJxVjEsOwjAMRO-SNaqInNiBHUg9R-R8rESUFPWzQtwdirqA5byZeU_leV2KX-c8-ZrUWWl1-GWB4y23rfjGxzRKHXK347nr71yHy2ee21IjL3Vs1_3y5yk8l83uAMGCiVlT4CRsrbZMlAXJaIviooTgnNYImPAkAsTEBhzQEVNUrzfmyDrb:1waNDt:SmqB_gCiFs5qQqZWwbnNSe3iY_wjnyxZNbSXCBu2Ing	2026-07-03 00:36:41.284672+00
04u825wo59hlhvqozqrpycwxeq19lc3o	.eJxVjEsOwjAMRO-SNaqInNiBHUg9R-R8rESUFPWzQtwdirqA5byZeU_leV2KX-c8-ZrUWWl1-GWB4y23rfjGxzRKHXK347nr71yHy2ee21IjL3Vs1_3y5yk8l83uAMGCiVlT4CRsrbZMlAXJaIviooTgnNYImPAkAsTEBhzQEVNUrzfmyDrb:1waNL1:EHQCt4c78z8LvyDdNAYmKvyPSKLrHhUaKe7RqVzCWqw	2026-07-03 00:44:03.450192+00
f35qs7w725cf9554sqjmdir2fggyx2tz	.eJxVjEsOwjAMRO-SNaqInNiBHUg9R-R8rESUFPWzQtwdirqA5byZeU_leV2KX-c8-ZrUWWl1-GWB4y23rfjGxzRKHXK347nr71yHy2ee21IjL3Vs1_3y5yk8l83uAMGCiVlT4CRsrbZMlAXJaIviooTgnNYImPAkAsTEBhzQEVNUrzfmyDrb:1waNii:10AYBFQaFPRNIQ7aeTZkIIjdVa_puDlzVABFgpG_Es8	2026-07-03 01:08:32.591665+00
po4z516hfn89aq7xxejutlx9iuvln0ob	.eJxVjEsOwjAMRO-SNaqInNiBHUg9R-R8rESUFPWzQtwdirqA5byZeU_leV2KX-c8-ZrUWWl1-GWB4y23rfjGxzRKHXK347nr71yHy2ee21IjL3Vs1_3y5yk8l83uAMGCiVlT4CRsrbZMlAXJaIviooTgnNYImPAkAsTEBhzQEVNUrzfmyDrb:1waNl5:i2k3dmvvP8uhFqICHmqHz8W3wuzAt9OhqkKwznOa5HI	2026-07-03 01:10:59.96743+00
l72yw5etgnwdlyi8ydcnle3lgy6q6nbq	.eJxVjEsOwjAMRO-SNaqInNiBHUg9R-R8rESUFPWzQtwdirqA5byZeU_leV2KX-c8-ZrUWWl1-GWB4y23rfjGxzRKHXK347nr71yHy2ee21IjL3Vs1_3y5yk8l83uAMGCiVlT4CRsrbZMlAXJaIviooTgnNYImPAkAsTEBhzQEVNUrzfmyDrb:1waNrL:MIjp2z_KURg4r0Sp55-LsLUDLr9mKUYcoYD95x-w9OQ	2026-07-03 01:17:27.053838+00
f97m31dpqzxskjvbompdxt5m60wtsqzu	.eJxVjEsOwjAMRO-SNaqInNiBHUg9R-R8rESUFPWzQtwdirqA5byZeU_leV2KX-c8-ZrUWWl1-GWB4y23rfjGxzRKHXK347nr71yHy2ee21IjL3Vs1_3y5yk8l83uAMGCiVlT4CRsrbZMlAXJaIviooTgnNYImPAkAsTEBhzQEVNUrzfmyDrb:1wahsy:tLk0zi8nGQ6I__DQ_RNJfFqc-ly55i-ZaoePNIiSQSQ	2026-07-03 22:40:28.710206+00
j3uoliiloar60quy5lww6e0gs8xusfd3	.eJxVjEsOwjAMRO-SNaqInNiBHUg9R-R8rESUFPWzQtwdirqA5byZeU_leV2KX-c8-ZrUWWl1-GWB4y23rfjGxzRKHXK347nr71yHy2ee21IjL3Vs1_3y5yk8l83uAMGCiVlT4CRsrbZMlAXJaIviooTgnNYImPAkAsTEBhzQEVNUrzfmyDrb:1wahtF:eYh3tWjhchvcVSfKE7BxylxSa7MUVWSbo6pOJQvPxsk	2026-07-03 22:40:45.103824+00
psk108w2q9ozfct2ur5mxe165tqa70ne	.eJxVjEsOwjAMRO-SNaqInNiBHUg9R-R8rESUFPWzQtwdirqA5byZeU_leV2KX-c8-ZrUWWl1-GWB4y23rfjGxzRKHXK347nr71yHy2ee21IjL3Vs1_3y5yk8l83uAMGCiVlT4CRsrbZMlAXJaIviooTgnNYImPAkAsTEBhzQEVNUrzfmyDrb:1wai6h:j95ZJMqGzjc0ZVCgW6TGlWSArjAiV6_Qso0uXgBn0QY	2026-07-03 22:54:39.031921+00
38zl1h8pg1ry1yyme214wku009367k5m	.eJxVjEsOwjAMRO-SNaqInNiBHUg9R-R8rESUFPWzQtwdirqA5byZeU_leV2KX-c8-ZrUWWl1-GWB4y23rfjGxzRKHXK347nr71yHy2ee21IjL3Vs1_3y5yk8l83uAMGCiVlT4CRsrbZMlAXJaIviooTgnNYImPAkAsTEBhzQEVNUrzfmyDrb:1waiGc:2hp7svTWoMflLZGr6PWjZ-ofnT7jI4wHqHW_3T2VH9I	2026-07-03 23:04:54.803793+00
s594gltal1kfev19kgtaujdg0tg1x242	.eJxVjEsOwjAMRO-SNaqInNiBHUg9R-R8rESUFPWzQtwdirqA5byZeU_leV2KX-c8-ZrUWWl1-GWB4y23rfjGxzRKHXK347nr71yHy2ee21IjL3Vs1_3y5yk8l83uAMGCiVlT4CRsrbZMlAXJaIviooTgnNYImPAkAsTEBhzQEVNUrzfmyDrb:1waiWN:tf1Hqx8lpq8pyqerEl0zALXEsnnoD0jNpM4gKpcSrhU	2026-07-03 23:21:11.7903+00
5n033uvv1s51vsvlryasfvibnl9p9u3d	.eJxVjEsOwjAMRO-SNaqInNiBHUg9R-R8rESUFPWzQtwdirqA5byZeU_leV2KX-c8-ZrUWWl1-GWB4y23rfjGxzRKHXK347nr71yHy2ee21IjL3Vs1_3y5yk8l83uAMGCiVlT4CRsrbZMlAXJaIviooTgnNYImPAkAsTEBhzQEVNUrzfmyDrb:1waid8:X8R4L-qrCoFaW4Xmoy_ZuUjw-XtCUdXGtEQbhOoEtYc	2026-07-03 23:28:10.978396+00
13g52ra0gs0lb7xfebtfk3zb6jf7zvyb	.eJxVjEsOwjAMRO-SNaqInNiBHUg9R-R8rESUFPWzQtwdirqA5byZeU_leV2KX-c8-ZrUWWl1-GWB4y23rfjGxzRKHXK347nr71yHy2ee21IjL3Vs1_3y5yk8l83uAMGCiVlT4CRsrbZMlAXJaIviooTgnNYImPAkAsTEBhzQEVNUrzfmyDrb:1waj1G:30_ib-RaG_lFmMsRrqN3OVAr2CwqIb5-oeTydE6LMs8	2026-07-03 23:53:06.602281+00
kaavopuh010cnu2iwx2nxznbwgbqqqxb	.eJxVjEsOwjAMRO-SNaqInNiBHUg9R-R8rESUFPWzQtwdirqA5byZeU_leV2KX-c8-ZrUWWl1-GWB4y23rfjGxzRKHXK347nr71yHy2ee21IjL3Vs1_3y5yk8l83uAMGCiVlT4CRsrbZMlAXJaIviooTgnNYImPAkAsTEBhzQEVNUrzfmyDrb:1waj5t:qlCcl9CQa4B_JMDIko4O-1OKNMVHZa521XO5PJQdw7U	2026-07-03 23:57:53.990726+00
p851be4xabsy1lg95cbr828xwm87ljev	.eJxVjMsOwiAQAP-FsyGSLbvo0bvfQJbHStVAUtpT478bkh70OjOZXXne1uK3nhc_J3VVRp1-WeD4ynWI9OT6aDq2ui5z0CPRh-363lJ-3472b1C4l7F1gGBhitlQ4CRsrbFMlAVpMhbFRQnBOWMQMOFFBIiJJ3BAZ0xRfb7UQzeH:1wamJv:vJyQmIQBTuxYHILjyyMjAYq59y1V1rINx2Hb5NIdHGY	2026-07-04 03:24:35.146928+00
\.


--
-- Data for Name: events_event; Type: TABLE DATA; Schema: public; Owner: reversa
--

COPY public.events_event (id, title, slug, description, user_id, category_id, image, video, "order") FROM stdin;
7	asd	asd-1	<p>asd</p>	1	1	event_banners/12.jpeg		0
10	ss	ss	<p>ss</p>	1	1		event_videos/14.mp4	1
9	s	s	<p>s</p>	1	1		event_videos/11.mp4	2
6	asd	asd	<p>das</p>	1	1		event_videos/10.mp4	3
4	das	das-1	<p>dsa</p>	1	1	event_banners/Screenshot_1.jpg	\N	4
1	DSDS	dsds	<p>DSDS</p>	1	1	event_banners/6.jpeg	\N	5
3	das	das	<p>das</p>	1	1	event_banners/1_kBQYaHx.jpg	\N	6
\.


--
-- Data for Name: events_eventcategory; Type: TABLE DATA; Schema: public; Owner: reversa
--

COPY public.events_eventcategory (id, title, slug, created_date) FROM stdin;
1	DS	ds	2026-06-18
2	xd	xd	2026-06-19
\.


--
-- Data for Name: gallery_gallerycategory; Type: TABLE DATA; Schema: public; Owner: reversa
--

COPY public.gallery_gallerycategory (id, title, slug, created_date) FROM stdin;
3	Retratos	retratos	2026-06-18
2	Mixed media paint	mixed-media-paint	2026-06-18
1	Traditional media paint	traditional-media-paint	2026-06-18
\.


--
-- Data for Name: gallery_galleryimage; Type: TABLE DATA; Schema: public; Owner: reversa
--

COPY public.gallery_galleryimage (id, title, slug, image, description, created_date, category_id, user_id, available, dimensions, price, technique, year, "order", paper_size, is_premium, is_public, is_featured) FROM stdin;
2	Horizonte	horizonte	media/blog_banners/asassa.jpg		2026-06-18 21:58:01.658629+00	2	1	t	120 x 90 cm	1500.00	Acrilico sobre tabla	2023	5		f	t	f
1	Composicion en azul	composicion-en-azul	media/blog_banners/adsd.jpg		2026-06-18 21:58:01.650957+00	1	1	t	100 x 80 cm	1200.00	Oleo sobre lienzo	2024	6		f	t	f
6	lol	lol	gallery_images/2.jpg	das	2026-06-18 22:00:03.619974+00	2	1	t	(60 x 90cm)	\N	Tecnica mixta	2025	0		t	t	t
5	Reflejos	reflejos	gallery_images/Screenshot_1.jpg		2026-06-18 21:58:01.691705+00	3	1	t	90 x 70 cm	950.00	Oleo sobre lienzo	2024	1		f	t	t
4	Estudio de color	estudio-de-color	gallery_images/4.jpg		2026-06-18 21:58:01.672387+00	1	1	t	50 x 50 cm	600.00	Tecnica mixta	2025	3		f	t	t
7	Composicion en azul	dsadas	gallery_images/1.jpg	dasdsa	2026-06-18 22:00:12.53042+00	\N	1	t		\N			2		f	t	t
8	asd	asd	gallery_images/10.jpeg		2026-06-20 04:26:43.215459+00	\N	1	t		\N			0		f	t	t
3	Barco al amanecer	barco-al-amanecer	media/blog_banners/barcocuatro.jpg		2026-06-18 21:58:01.665287+00	2	1	f	80 x 60 cm	\N	Oleo sobre lienzo	2022	4		f	t	f
\.


--
-- Data for Name: herophotos_herophoto; Type: TABLE DATA; Schema: public; Owner: reversa
--

COPY public.herophotos_herophoto (id, title, subtitle, image, "order", is_active, created_date, user_id) FROM stdin;
2	Luz y materia	Pintura original	media/blog_banners/asassa.jpg	1	t	2026-06-18 22:35:27.36214+00	1
3	El estudio	Visita la galeria	media/blog_banners/adsd.jpg	2	t	2026-06-18 22:35:27.366997+00	1
5			hero_photos/6_PBdwOsS.jpg	0	t	2026-06-18 23:32:25.294761+00	1
1	Obra reciente	Coleccion 2026	media/blog_banners/barcocuatro.jpg	0	f	2026-06-18 22:35:27.35496+00	1
\.


--
-- Data for Name: projects_ideaprivada; Type: TABLE DATA; Schema: public; Owner: reversa
--

COPY public.projects_ideaprivada (id, titulo, descripcion, creado_en, leida) FROM stdin;
\.


--
-- Data for Name: projects_proyecto; Type: TABLE DATA; Schema: public; Owner: reversa
--

COPY public.projects_proyecto (id, titulo, categoria, creado_en) FROM stdin;
\.


--
-- Data for Name: user_profile_biophoto; Type: TABLE DATA; Schema: public; Owner: reversa
--

COPY public.user_profile_biophoto (id, image, caption, "order", is_active, created_date) FROM stdin;
2	bio/2.jpeg		0	t	2026-06-19 23:32:19.345508+00
3	bio/3.jpeg		0	t	2026-06-19 23:32:25.007277+00
4	bio/1.jpg		0	t	2026-06-19 23:33:44.396617+00
5	bio/Screenshot_1.jpg		0	t	2026-06-19 23:33:50.981048+00
18	bio/3_AltV0Mm.jpeg		0	t	2026-06-20 00:12:08.603915+00
\.


--
-- Data for Name: user_profile_exhibition; Type: TABLE DATA; Schema: public; Owner: reversa
--

COPY public.user_profile_exhibition (id, title, location, start_date, end_date, description, url, created_date) FROM stdin;
1	dasdsa	barcelona	2026-06-30	2026-07-01	dsadsadsa	https://www.hola.com	2026-06-20 04:11:46.981493+00
\.


--
-- Data for Name: user_profile_follow; Type: TABLE DATA; Schema: public; Owner: reversa
--

COPY public.user_profile_follow (id, muted, created_date, followed_id, followed_by_id) FROM stdin;
\.


--
-- Data for Name: user_profile_sitesettings; Type: TABLE DATA; Schema: public; Owner: reversa
--

COPY public.user_profile_sitesettings (id, nav_blogs, nav_events, nav_gallery, site_title, favicon, accent_color, instagram_url, tiktok_url, hero_video, home_logo, bio_text, bio_video, bio_photo, hero_text) FROM stdin;
1	Products	Miscelania	Gallery	Sigfrid	site/logo.jpg	#e8bd8d	https://www.instagram.com/sigfrid_contemporaryartist/	https://www.tiktok.com/@sigfrid_art			Desarrolla una práctica artística centrada en la presentación del cuerpo como territorio en conflicto. A través de una combinación de procesos digitales, tintas, aerógrafo, pasteles al óleo y acrílicos, marcado por el blanco y negro y la fragmentación formal. \r\nSu obra reflexiona sobre la pérdida de identidad, el aislamiento y el exilio psicológico e la sociedad contemporánea, situándose en un cruce entre figuración simbólica y arte conceptual	site/sigfrid-biografia.mp4		EXILIUM no parla d’un lloc.\r\nParla d’un procés.\r\nD’una fractura lenta entre identitat,\r\nmemòria i percepció.\r\n\r\nLes figures que habiten aquest espai\r\nno estan completament destruïdes.\r\nTampoc completament salvades.\r\n\r\nExisteixen en un estat intermedi:\r\nentre cos i símbol,\r\nentre presència i dissolució,\r\nentre allò humà i allò que ja ha\r\ncomençat a transformar-se.\r\n\r\nAquest espai no pretén explicar.\r\nPretén absorbir.
\.


--
-- Data for Name: user_profile_user; Type: TABLE DATA; Schema: public; Owner: reversa
--

COPY public.user_profile_user (id, password, last_login, is_superuser, username, first_name, last_name, is_staff, is_active, date_joined, email, profile_image) FROM stdin;
1	pbkdf2_sha256$1000000$ISBlpRjcxcwqLi2AW1amRm$SVEB9lKh/SNzhTGcB8ZOg1mJpPLe2ymRdR51xbPtHo0=	2026-06-20 03:24:35.136915+00	f	juliana			f	t	2026-06-09 20:30:29.391404+00	julianadlr01@gmail.com	profile_images/6.jpg
\.


--
-- Data for Name: user_profile_user_followers; Type: TABLE DATA; Schema: public; Owner: reversa
--

COPY public.user_profile_user_followers (id, user_id, follow_id) FROM stdin;
\.


--
-- Data for Name: user_profile_user_groups; Type: TABLE DATA; Schema: public; Owner: reversa
--

COPY public.user_profile_user_groups (id, user_id, group_id) FROM stdin;
\.


--
-- Data for Name: user_profile_user_user_permissions; Type: TABLE DATA; Schema: public; Owner: reversa
--

COPY public.user_profile_user_user_permissions (id, user_id, permission_id) FROM stdin;
\.


--
-- Name: auth_group_id_seq; Type: SEQUENCE SET; Schema: public; Owner: reversa
--

SELECT pg_catalog.setval('public.auth_group_id_seq', 1, false);


--
-- Name: auth_group_permissions_id_seq; Type: SEQUENCE SET; Schema: public; Owner: reversa
--

SELECT pg_catalog.setval('public.auth_group_permissions_id_seq', 1, false);


--
-- Name: auth_permission_id_seq; Type: SEQUENCE SET; Schema: public; Owner: reversa
--

SELECT pg_catalog.setval('public.auth_permission_id_seq', 88, true);


--
-- Name: blog_blog_id_seq; Type: SEQUENCE SET; Schema: public; Owner: reversa
--

SELECT pg_catalog.setval('public.blog_blog_id_seq', 5, true);


--
-- Name: blog_blog_likes_id_seq; Type: SEQUENCE SET; Schema: public; Owner: reversa
--

SELECT pg_catalog.setval('public.blog_blog_likes_id_seq', 1, false);


--
-- Name: blog_blog_tags_id_seq; Type: SEQUENCE SET; Schema: public; Owner: reversa
--

SELECT pg_catalog.setval('public.blog_blog_tags_id_seq', 1, true);


--
-- Name: blog_category_id_seq; Type: SEQUENCE SET; Schema: public; Owner: reversa
--

SELECT pg_catalog.setval('public.blog_category_id_seq', 12, true);


--
-- Name: blog_comment_id_seq; Type: SEQUENCE SET; Schema: public; Owner: reversa
--

SELECT pg_catalog.setval('public.blog_comment_id_seq', 1, false);


--
-- Name: blog_reply_id_seq; Type: SEQUENCE SET; Schema: public; Owner: reversa
--

SELECT pg_catalog.setval('public.blog_reply_id_seq', 1, false);


--
-- Name: blog_tag_id_seq; Type: SEQUENCE SET; Schema: public; Owner: reversa
--

SELECT pg_catalog.setval('public.blog_tag_id_seq', 1, true);


--
-- Name: django_admin_log_id_seq; Type: SEQUENCE SET; Schema: public; Owner: reversa
--

SELECT pg_catalog.setval('public.django_admin_log_id_seq', 1, false);


--
-- Name: django_content_type_id_seq; Type: SEQUENCE SET; Schema: public; Owner: reversa
--

SELECT pg_catalog.setval('public.django_content_type_id_seq', 22, true);


--
-- Name: django_migrations_id_seq; Type: SEQUENCE SET; Schema: public; Owner: reversa
--

SELECT pg_catalog.setval('public.django_migrations_id_seq', 45, true);


--
-- Name: events_event_id_seq; Type: SEQUENCE SET; Schema: public; Owner: reversa
--

SELECT pg_catalog.setval('public.events_event_id_seq', 10, true);


--
-- Name: events_eventcategory_id_seq; Type: SEQUENCE SET; Schema: public; Owner: reversa
--

SELECT pg_catalog.setval('public.events_eventcategory_id_seq', 2, true);


--
-- Name: gallery_gallerycategory_id_seq; Type: SEQUENCE SET; Schema: public; Owner: reversa
--

SELECT pg_catalog.setval('public.gallery_gallerycategory_id_seq', 3, true);


--
-- Name: gallery_galleryimage_id_seq; Type: SEQUENCE SET; Schema: public; Owner: reversa
--

SELECT pg_catalog.setval('public.gallery_galleryimage_id_seq', 8, true);


--
-- Name: herophotos_herophoto_id_seq; Type: SEQUENCE SET; Schema: public; Owner: reversa
--

SELECT pg_catalog.setval('public.herophotos_herophoto_id_seq', 5, true);


--
-- Name: projects_ideaprivada_id_seq; Type: SEQUENCE SET; Schema: public; Owner: reversa
--

SELECT pg_catalog.setval('public.projects_ideaprivada_id_seq', 1, false);


--
-- Name: projects_proyecto_id_seq; Type: SEQUENCE SET; Schema: public; Owner: reversa
--

SELECT pg_catalog.setval('public.projects_proyecto_id_seq', 1, false);


--
-- Name: user_profile_biophoto_id_seq; Type: SEQUENCE SET; Schema: public; Owner: reversa
--

SELECT pg_catalog.setval('public.user_profile_biophoto_id_seq', 21, true);


--
-- Name: user_profile_exhibition_id_seq; Type: SEQUENCE SET; Schema: public; Owner: reversa
--

SELECT pg_catalog.setval('public.user_profile_exhibition_id_seq', 1, true);


--
-- Name: user_profile_follow_id_seq; Type: SEQUENCE SET; Schema: public; Owner: reversa
--

SELECT pg_catalog.setval('public.user_profile_follow_id_seq', 1, false);


--
-- Name: user_profile_sitesettings_id_seq; Type: SEQUENCE SET; Schema: public; Owner: reversa
--

SELECT pg_catalog.setval('public.user_profile_sitesettings_id_seq', 1, false);


--
-- Name: user_profile_user_followers_id_seq; Type: SEQUENCE SET; Schema: public; Owner: reversa
--

SELECT pg_catalog.setval('public.user_profile_user_followers_id_seq', 1, false);


--
-- Name: user_profile_user_groups_id_seq; Type: SEQUENCE SET; Schema: public; Owner: reversa
--

SELECT pg_catalog.setval('public.user_profile_user_groups_id_seq', 1, false);


--
-- Name: user_profile_user_id_seq; Type: SEQUENCE SET; Schema: public; Owner: reversa
--

SELECT pg_catalog.setval('public.user_profile_user_id_seq', 1, true);


--
-- Name: user_profile_user_user_permissions_id_seq; Type: SEQUENCE SET; Schema: public; Owner: reversa
--

SELECT pg_catalog.setval('public.user_profile_user_user_permissions_id_seq', 1, false);


--
-- Name: auth_group auth_group_name_key; Type: CONSTRAINT; Schema: public; Owner: reversa
--

ALTER TABLE ONLY public.auth_group
    ADD CONSTRAINT auth_group_name_key UNIQUE (name);


--
-- Name: auth_group_permissions auth_group_permissions_group_id_permission_id_0cd325b0_uniq; Type: CONSTRAINT; Schema: public; Owner: reversa
--

ALTER TABLE ONLY public.auth_group_permissions
    ADD CONSTRAINT auth_group_permissions_group_id_permission_id_0cd325b0_uniq UNIQUE (group_id, permission_id);


--
-- Name: auth_group_permissions auth_group_permissions_pkey; Type: CONSTRAINT; Schema: public; Owner: reversa
--

ALTER TABLE ONLY public.auth_group_permissions
    ADD CONSTRAINT auth_group_permissions_pkey PRIMARY KEY (id);


--
-- Name: auth_group auth_group_pkey; Type: CONSTRAINT; Schema: public; Owner: reversa
--

ALTER TABLE ONLY public.auth_group
    ADD CONSTRAINT auth_group_pkey PRIMARY KEY (id);


--
-- Name: auth_permission auth_permission_content_type_id_codename_01ab375a_uniq; Type: CONSTRAINT; Schema: public; Owner: reversa
--

ALTER TABLE ONLY public.auth_permission
    ADD CONSTRAINT auth_permission_content_type_id_codename_01ab375a_uniq UNIQUE (content_type_id, codename);


--
-- Name: auth_permission auth_permission_pkey; Type: CONSTRAINT; Schema: public; Owner: reversa
--

ALTER TABLE ONLY public.auth_permission
    ADD CONSTRAINT auth_permission_pkey PRIMARY KEY (id);


--
-- Name: blog_blog_likes blog_blog_likes_blog_id_user_id_2a6b7c83_uniq; Type: CONSTRAINT; Schema: public; Owner: reversa
--

ALTER TABLE ONLY public.blog_blog_likes
    ADD CONSTRAINT blog_blog_likes_blog_id_user_id_2a6b7c83_uniq UNIQUE (blog_id, user_id);


--
-- Name: blog_blog_likes blog_blog_likes_pkey; Type: CONSTRAINT; Schema: public; Owner: reversa
--

ALTER TABLE ONLY public.blog_blog_likes
    ADD CONSTRAINT blog_blog_likes_pkey PRIMARY KEY (id);


--
-- Name: blog_blog blog_blog_pkey; Type: CONSTRAINT; Schema: public; Owner: reversa
--

ALTER TABLE ONLY public.blog_blog
    ADD CONSTRAINT blog_blog_pkey PRIMARY KEY (id);


--
-- Name: blog_blog_tags blog_blog_tags_blog_id_tag_id_211c6be5_uniq; Type: CONSTRAINT; Schema: public; Owner: reversa
--

ALTER TABLE ONLY public.blog_blog_tags
    ADD CONSTRAINT blog_blog_tags_blog_id_tag_id_211c6be5_uniq UNIQUE (blog_id, tag_id);


--
-- Name: blog_blog_tags blog_blog_tags_pkey; Type: CONSTRAINT; Schema: public; Owner: reversa
--

ALTER TABLE ONLY public.blog_blog_tags
    ADD CONSTRAINT blog_blog_tags_pkey PRIMARY KEY (id);


--
-- Name: blog_category blog_category_pkey; Type: CONSTRAINT; Schema: public; Owner: reversa
--

ALTER TABLE ONLY public.blog_category
    ADD CONSTRAINT blog_category_pkey PRIMARY KEY (id);


--
-- Name: blog_comment blog_comment_pkey; Type: CONSTRAINT; Schema: public; Owner: reversa
--

ALTER TABLE ONLY public.blog_comment
    ADD CONSTRAINT blog_comment_pkey PRIMARY KEY (id);


--
-- Name: blog_reply blog_reply_pkey; Type: CONSTRAINT; Schema: public; Owner: reversa
--

ALTER TABLE ONLY public.blog_reply
    ADD CONSTRAINT blog_reply_pkey PRIMARY KEY (id);


--
-- Name: blog_tag blog_tag_pkey; Type: CONSTRAINT; Schema: public; Owner: reversa
--

ALTER TABLE ONLY public.blog_tag
    ADD CONSTRAINT blog_tag_pkey PRIMARY KEY (id);


--
-- Name: django_admin_log django_admin_log_pkey; Type: CONSTRAINT; Schema: public; Owner: reversa
--

ALTER TABLE ONLY public.django_admin_log
    ADD CONSTRAINT django_admin_log_pkey PRIMARY KEY (id);


--
-- Name: django_content_type django_content_type_app_label_model_76bd3d3b_uniq; Type: CONSTRAINT; Schema: public; Owner: reversa
--

ALTER TABLE ONLY public.django_content_type
    ADD CONSTRAINT django_content_type_app_label_model_76bd3d3b_uniq UNIQUE (app_label, model);


--
-- Name: django_content_type django_content_type_pkey; Type: CONSTRAINT; Schema: public; Owner: reversa
--

ALTER TABLE ONLY public.django_content_type
    ADD CONSTRAINT django_content_type_pkey PRIMARY KEY (id);


--
-- Name: django_migrations django_migrations_pkey; Type: CONSTRAINT; Schema: public; Owner: reversa
--

ALTER TABLE ONLY public.django_migrations
    ADD CONSTRAINT django_migrations_pkey PRIMARY KEY (id);


--
-- Name: django_session django_session_pkey; Type: CONSTRAINT; Schema: public; Owner: reversa
--

ALTER TABLE ONLY public.django_session
    ADD CONSTRAINT django_session_pkey PRIMARY KEY (session_key);


--
-- Name: events_event events_event_pkey; Type: CONSTRAINT; Schema: public; Owner: reversa
--

ALTER TABLE ONLY public.events_event
    ADD CONSTRAINT events_event_pkey PRIMARY KEY (id);


--
-- Name: events_eventcategory events_eventcategory_pkey; Type: CONSTRAINT; Schema: public; Owner: reversa
--

ALTER TABLE ONLY public.events_eventcategory
    ADD CONSTRAINT events_eventcategory_pkey PRIMARY KEY (id);


--
-- Name: gallery_gallerycategory gallery_gallerycategory_pkey; Type: CONSTRAINT; Schema: public; Owner: reversa
--

ALTER TABLE ONLY public.gallery_gallerycategory
    ADD CONSTRAINT gallery_gallerycategory_pkey PRIMARY KEY (id);


--
-- Name: gallery_galleryimage gallery_galleryimage_pkey; Type: CONSTRAINT; Schema: public; Owner: reversa
--

ALTER TABLE ONLY public.gallery_galleryimage
    ADD CONSTRAINT gallery_galleryimage_pkey PRIMARY KEY (id);


--
-- Name: herophotos_herophoto herophotos_herophoto_pkey; Type: CONSTRAINT; Schema: public; Owner: reversa
--

ALTER TABLE ONLY public.herophotos_herophoto
    ADD CONSTRAINT herophotos_herophoto_pkey PRIMARY KEY (id);


--
-- Name: projects_ideaprivada projects_ideaprivada_pkey; Type: CONSTRAINT; Schema: public; Owner: reversa
--

ALTER TABLE ONLY public.projects_ideaprivada
    ADD CONSTRAINT projects_ideaprivada_pkey PRIMARY KEY (id);


--
-- Name: projects_proyecto projects_proyecto_pkey; Type: CONSTRAINT; Schema: public; Owner: reversa
--

ALTER TABLE ONLY public.projects_proyecto
    ADD CONSTRAINT projects_proyecto_pkey PRIMARY KEY (id);


--
-- Name: user_profile_biophoto user_profile_biophoto_pkey; Type: CONSTRAINT; Schema: public; Owner: reversa
--

ALTER TABLE ONLY public.user_profile_biophoto
    ADD CONSTRAINT user_profile_biophoto_pkey PRIMARY KEY (id);


--
-- Name: user_profile_exhibition user_profile_exhibition_pkey; Type: CONSTRAINT; Schema: public; Owner: reversa
--

ALTER TABLE ONLY public.user_profile_exhibition
    ADD CONSTRAINT user_profile_exhibition_pkey PRIMARY KEY (id);


--
-- Name: user_profile_follow user_profile_follow_pkey; Type: CONSTRAINT; Schema: public; Owner: reversa
--

ALTER TABLE ONLY public.user_profile_follow
    ADD CONSTRAINT user_profile_follow_pkey PRIMARY KEY (id);


--
-- Name: user_profile_sitesettings user_profile_sitesettings_pkey; Type: CONSTRAINT; Schema: public; Owner: reversa
--

ALTER TABLE ONLY public.user_profile_sitesettings
    ADD CONSTRAINT user_profile_sitesettings_pkey PRIMARY KEY (id);


--
-- Name: user_profile_user user_profile_user_email_key; Type: CONSTRAINT; Schema: public; Owner: reversa
--

ALTER TABLE ONLY public.user_profile_user
    ADD CONSTRAINT user_profile_user_email_key UNIQUE (email);


--
-- Name: user_profile_user_followers user_profile_user_followers_pkey; Type: CONSTRAINT; Schema: public; Owner: reversa
--

ALTER TABLE ONLY public.user_profile_user_followers
    ADD CONSTRAINT user_profile_user_followers_pkey PRIMARY KEY (id);


--
-- Name: user_profile_user_followers user_profile_user_followers_user_id_follow_id_26b807bc_uniq; Type: CONSTRAINT; Schema: public; Owner: reversa
--

ALTER TABLE ONLY public.user_profile_user_followers
    ADD CONSTRAINT user_profile_user_followers_user_id_follow_id_26b807bc_uniq UNIQUE (user_id, follow_id);


--
-- Name: user_profile_user_groups user_profile_user_groups_pkey; Type: CONSTRAINT; Schema: public; Owner: reversa
--

ALTER TABLE ONLY public.user_profile_user_groups
    ADD CONSTRAINT user_profile_user_groups_pkey PRIMARY KEY (id);


--
-- Name: user_profile_user_groups user_profile_user_groups_user_id_group_id_b5ee7138_uniq; Type: CONSTRAINT; Schema: public; Owner: reversa
--

ALTER TABLE ONLY public.user_profile_user_groups
    ADD CONSTRAINT user_profile_user_groups_user_id_group_id_b5ee7138_uniq UNIQUE (user_id, group_id);


--
-- Name: user_profile_user user_profile_user_pkey; Type: CONSTRAINT; Schema: public; Owner: reversa
--

ALTER TABLE ONLY public.user_profile_user
    ADD CONSTRAINT user_profile_user_pkey PRIMARY KEY (id);


--
-- Name: user_profile_user_user_permissions user_profile_user_user_p_user_id_permission_id_34bfca90_uniq; Type: CONSTRAINT; Schema: public; Owner: reversa
--

ALTER TABLE ONLY public.user_profile_user_user_permissions
    ADD CONSTRAINT user_profile_user_user_p_user_id_permission_id_34bfca90_uniq UNIQUE (user_id, permission_id);


--
-- Name: user_profile_user_user_permissions user_profile_user_user_permissions_pkey; Type: CONSTRAINT; Schema: public; Owner: reversa
--

ALTER TABLE ONLY public.user_profile_user_user_permissions
    ADD CONSTRAINT user_profile_user_user_permissions_pkey PRIMARY KEY (id);


--
-- Name: user_profile_user user_profile_user_username_key; Type: CONSTRAINT; Schema: public; Owner: reversa
--

ALTER TABLE ONLY public.user_profile_user
    ADD CONSTRAINT user_profile_user_username_key UNIQUE (username);


--
-- Name: auth_group_name_a6ea08ec_like; Type: INDEX; Schema: public; Owner: reversa
--

CREATE INDEX auth_group_name_a6ea08ec_like ON public.auth_group USING btree (name varchar_pattern_ops);


--
-- Name: auth_group_permissions_group_id_b120cbf9; Type: INDEX; Schema: public; Owner: reversa
--

CREATE INDEX auth_group_permissions_group_id_b120cbf9 ON public.auth_group_permissions USING btree (group_id);


--
-- Name: auth_group_permissions_permission_id_84c5c92e; Type: INDEX; Schema: public; Owner: reversa
--

CREATE INDEX auth_group_permissions_permission_id_84c5c92e ON public.auth_group_permissions USING btree (permission_id);


--
-- Name: auth_permission_content_type_id_2f476e4b; Type: INDEX; Schema: public; Owner: reversa
--

CREATE INDEX auth_permission_content_type_id_2f476e4b ON public.auth_permission USING btree (content_type_id);


--
-- Name: blog_blog_category_id_c34d5f94; Type: INDEX; Schema: public; Owner: reversa
--

CREATE INDEX blog_blog_category_id_c34d5f94 ON public.blog_blog USING btree (category_id);


--
-- Name: blog_blog_likes_blog_id_b7912000; Type: INDEX; Schema: public; Owner: reversa
--

CREATE INDEX blog_blog_likes_blog_id_b7912000 ON public.blog_blog_likes USING btree (blog_id);


--
-- Name: blog_blog_likes_user_id_bc153396; Type: INDEX; Schema: public; Owner: reversa
--

CREATE INDEX blog_blog_likes_user_id_bc153396 ON public.blog_blog_likes USING btree (user_id);


--
-- Name: blog_blog_slug_4812aa2c; Type: INDEX; Schema: public; Owner: reversa
--

CREATE INDEX blog_blog_slug_4812aa2c ON public.blog_blog USING btree (slug);


--
-- Name: blog_blog_slug_4812aa2c_like; Type: INDEX; Schema: public; Owner: reversa
--

CREATE INDEX blog_blog_slug_4812aa2c_like ON public.blog_blog USING btree (slug varchar_pattern_ops);


--
-- Name: blog_blog_tags_blog_id_e4cd5f6a; Type: INDEX; Schema: public; Owner: reversa
--

CREATE INDEX blog_blog_tags_blog_id_e4cd5f6a ON public.blog_blog_tags USING btree (blog_id);


--
-- Name: blog_blog_tags_tag_id_36a3abc6; Type: INDEX; Schema: public; Owner: reversa
--

CREATE INDEX blog_blog_tags_tag_id_36a3abc6 ON public.blog_blog_tags USING btree (tag_id);


--
-- Name: blog_blog_user_id_0e1a17e5; Type: INDEX; Schema: public; Owner: reversa
--

CREATE INDEX blog_blog_user_id_0e1a17e5 ON public.blog_blog USING btree (user_id);


--
-- Name: blog_category_slug_92643dc5; Type: INDEX; Schema: public; Owner: reversa
--

CREATE INDEX blog_category_slug_92643dc5 ON public.blog_category USING btree (slug);


--
-- Name: blog_category_slug_92643dc5_like; Type: INDEX; Schema: public; Owner: reversa
--

CREATE INDEX blog_category_slug_92643dc5_like ON public.blog_category USING btree (slug varchar_pattern_ops);


--
-- Name: blog_comment_blog_id_c664fb0d; Type: INDEX; Schema: public; Owner: reversa
--

CREATE INDEX blog_comment_blog_id_c664fb0d ON public.blog_comment USING btree (blog_id);


--
-- Name: blog_comment_user_id_59a54155; Type: INDEX; Schema: public; Owner: reversa
--

CREATE INDEX blog_comment_user_id_59a54155 ON public.blog_comment USING btree (user_id);


--
-- Name: blog_reply_comment_id_be7970f5; Type: INDEX; Schema: public; Owner: reversa
--

CREATE INDEX blog_reply_comment_id_be7970f5 ON public.blog_reply USING btree (comment_id);


--
-- Name: blog_reply_user_id_20c35f78; Type: INDEX; Schema: public; Owner: reversa
--

CREATE INDEX blog_reply_user_id_20c35f78 ON public.blog_reply USING btree (user_id);


--
-- Name: blog_tag_slug_01068d0e; Type: INDEX; Schema: public; Owner: reversa
--

CREATE INDEX blog_tag_slug_01068d0e ON public.blog_tag USING btree (slug);


--
-- Name: blog_tag_slug_01068d0e_like; Type: INDEX; Schema: public; Owner: reversa
--

CREATE INDEX blog_tag_slug_01068d0e_like ON public.blog_tag USING btree (slug varchar_pattern_ops);


--
-- Name: django_admin_log_content_type_id_c4bce8eb; Type: INDEX; Schema: public; Owner: reversa
--

CREATE INDEX django_admin_log_content_type_id_c4bce8eb ON public.django_admin_log USING btree (content_type_id);


--
-- Name: django_admin_log_user_id_c564eba6; Type: INDEX; Schema: public; Owner: reversa
--

CREATE INDEX django_admin_log_user_id_c564eba6 ON public.django_admin_log USING btree (user_id);


--
-- Name: django_session_expire_date_a5c62663; Type: INDEX; Schema: public; Owner: reversa
--

CREATE INDEX django_session_expire_date_a5c62663 ON public.django_session USING btree (expire_date);


--
-- Name: django_session_session_key_c0390e0f_like; Type: INDEX; Schema: public; Owner: reversa
--

CREATE INDEX django_session_session_key_c0390e0f_like ON public.django_session USING btree (session_key varchar_pattern_ops);


--
-- Name: events_event_category_id_01d3a3ab; Type: INDEX; Schema: public; Owner: reversa
--

CREATE INDEX events_event_category_id_01d3a3ab ON public.events_event USING btree (category_id);


--
-- Name: events_event_slug_b44b2c04; Type: INDEX; Schema: public; Owner: reversa
--

CREATE INDEX events_event_slug_b44b2c04 ON public.events_event USING btree (slug);


--
-- Name: events_event_slug_b44b2c04_like; Type: INDEX; Schema: public; Owner: reversa
--

CREATE INDEX events_event_slug_b44b2c04_like ON public.events_event USING btree (slug varchar_pattern_ops);


--
-- Name: events_event_user_id_39865209; Type: INDEX; Schema: public; Owner: reversa
--

CREATE INDEX events_event_user_id_39865209 ON public.events_event USING btree (user_id);


--
-- Name: events_eventcategory_slug_76bc3432; Type: INDEX; Schema: public; Owner: reversa
--

CREATE INDEX events_eventcategory_slug_76bc3432 ON public.events_eventcategory USING btree (slug);


--
-- Name: events_eventcategory_slug_76bc3432_like; Type: INDEX; Schema: public; Owner: reversa
--

CREATE INDEX events_eventcategory_slug_76bc3432_like ON public.events_eventcategory USING btree (slug varchar_pattern_ops);


--
-- Name: gallery_gallerycategory_slug_a530a88f; Type: INDEX; Schema: public; Owner: reversa
--

CREATE INDEX gallery_gallerycategory_slug_a530a88f ON public.gallery_gallerycategory USING btree (slug);


--
-- Name: gallery_gallerycategory_slug_a530a88f_like; Type: INDEX; Schema: public; Owner: reversa
--

CREATE INDEX gallery_gallerycategory_slug_a530a88f_like ON public.gallery_gallerycategory USING btree (slug varchar_pattern_ops);


--
-- Name: gallery_galleryimage_category_id_605b74e9; Type: INDEX; Schema: public; Owner: reversa
--

CREATE INDEX gallery_galleryimage_category_id_605b74e9 ON public.gallery_galleryimage USING btree (category_id);


--
-- Name: gallery_galleryimage_slug_1f784d16; Type: INDEX; Schema: public; Owner: reversa
--

CREATE INDEX gallery_galleryimage_slug_1f784d16 ON public.gallery_galleryimage USING btree (slug);


--
-- Name: gallery_galleryimage_slug_1f784d16_like; Type: INDEX; Schema: public; Owner: reversa
--

CREATE INDEX gallery_galleryimage_slug_1f784d16_like ON public.gallery_galleryimage USING btree (slug varchar_pattern_ops);


--
-- Name: gallery_galleryimage_user_id_a8330668; Type: INDEX; Schema: public; Owner: reversa
--

CREATE INDEX gallery_galleryimage_user_id_a8330668 ON public.gallery_galleryimage USING btree (user_id);


--
-- Name: herophotos_herophoto_user_id_6e3abfcb; Type: INDEX; Schema: public; Owner: reversa
--

CREATE INDEX herophotos_herophoto_user_id_6e3abfcb ON public.herophotos_herophoto USING btree (user_id);


--
-- Name: user_profile_follow_followed_by_id_91b02fb2; Type: INDEX; Schema: public; Owner: reversa
--

CREATE INDEX user_profile_follow_followed_by_id_91b02fb2 ON public.user_profile_follow USING btree (followed_by_id);


--
-- Name: user_profile_follow_followed_id_4054918f; Type: INDEX; Schema: public; Owner: reversa
--

CREATE INDEX user_profile_follow_followed_id_4054918f ON public.user_profile_follow USING btree (followed_id);


--
-- Name: user_profile_user_email_5b95ca4b_like; Type: INDEX; Schema: public; Owner: reversa
--

CREATE INDEX user_profile_user_email_5b95ca4b_like ON public.user_profile_user USING btree (email varchar_pattern_ops);


--
-- Name: user_profile_user_followers_follow_id_c5697a74; Type: INDEX; Schema: public; Owner: reversa
--

CREATE INDEX user_profile_user_followers_follow_id_c5697a74 ON public.user_profile_user_followers USING btree (follow_id);


--
-- Name: user_profile_user_followers_user_id_58b6210c; Type: INDEX; Schema: public; Owner: reversa
--

CREATE INDEX user_profile_user_followers_user_id_58b6210c ON public.user_profile_user_followers USING btree (user_id);


--
-- Name: user_profile_user_groups_group_id_7cd4b3f5; Type: INDEX; Schema: public; Owner: reversa
--

CREATE INDEX user_profile_user_groups_group_id_7cd4b3f5 ON public.user_profile_user_groups USING btree (group_id);


--
-- Name: user_profile_user_groups_user_id_cefab937; Type: INDEX; Schema: public; Owner: reversa
--

CREATE INDEX user_profile_user_groups_user_id_cefab937 ON public.user_profile_user_groups USING btree (user_id);


--
-- Name: user_profile_user_user_permissions_permission_id_fcfd8bc0; Type: INDEX; Schema: public; Owner: reversa
--

CREATE INDEX user_profile_user_user_permissions_permission_id_fcfd8bc0 ON public.user_profile_user_user_permissions USING btree (permission_id);


--
-- Name: user_profile_user_user_permissions_user_id_bdd85bfb; Type: INDEX; Schema: public; Owner: reversa
--

CREATE INDEX user_profile_user_user_permissions_user_id_bdd85bfb ON public.user_profile_user_user_permissions USING btree (user_id);


--
-- Name: user_profile_user_username_35ac9403_like; Type: INDEX; Schema: public; Owner: reversa
--

CREATE INDEX user_profile_user_username_35ac9403_like ON public.user_profile_user USING btree (username varchar_pattern_ops);


--
-- Name: auth_group_permissions auth_group_permissio_permission_id_84c5c92e_fk_auth_perm; Type: FK CONSTRAINT; Schema: public; Owner: reversa
--

ALTER TABLE ONLY public.auth_group_permissions
    ADD CONSTRAINT auth_group_permissio_permission_id_84c5c92e_fk_auth_perm FOREIGN KEY (permission_id) REFERENCES public.auth_permission(id) DEFERRABLE INITIALLY DEFERRED;


--
-- Name: auth_group_permissions auth_group_permissions_group_id_b120cbf9_fk_auth_group_id; Type: FK CONSTRAINT; Schema: public; Owner: reversa
--

ALTER TABLE ONLY public.auth_group_permissions
    ADD CONSTRAINT auth_group_permissions_group_id_b120cbf9_fk_auth_group_id FOREIGN KEY (group_id) REFERENCES public.auth_group(id) DEFERRABLE INITIALLY DEFERRED;


--
-- Name: auth_permission auth_permission_content_type_id_2f476e4b_fk_django_co; Type: FK CONSTRAINT; Schema: public; Owner: reversa
--

ALTER TABLE ONLY public.auth_permission
    ADD CONSTRAINT auth_permission_content_type_id_2f476e4b_fk_django_co FOREIGN KEY (content_type_id) REFERENCES public.django_content_type(id) DEFERRABLE INITIALLY DEFERRED;


--
-- Name: blog_blog blog_blog_category_id_c34d5f94_fk_blog_category_id; Type: FK CONSTRAINT; Schema: public; Owner: reversa
--

ALTER TABLE ONLY public.blog_blog
    ADD CONSTRAINT blog_blog_category_id_c34d5f94_fk_blog_category_id FOREIGN KEY (category_id) REFERENCES public.blog_category(id) DEFERRABLE INITIALLY DEFERRED;


--
-- Name: blog_blog_likes blog_blog_likes_blog_id_b7912000_fk_blog_blog_id; Type: FK CONSTRAINT; Schema: public; Owner: reversa
--

ALTER TABLE ONLY public.blog_blog_likes
    ADD CONSTRAINT blog_blog_likes_blog_id_b7912000_fk_blog_blog_id FOREIGN KEY (blog_id) REFERENCES public.blog_blog(id) DEFERRABLE INITIALLY DEFERRED;


--
-- Name: blog_blog_likes blog_blog_likes_user_id_bc153396_fk_user_profile_user_id; Type: FK CONSTRAINT; Schema: public; Owner: reversa
--

ALTER TABLE ONLY public.blog_blog_likes
    ADD CONSTRAINT blog_blog_likes_user_id_bc153396_fk_user_profile_user_id FOREIGN KEY (user_id) REFERENCES public.user_profile_user(id) DEFERRABLE INITIALLY DEFERRED;


--
-- Name: blog_blog_tags blog_blog_tags_blog_id_e4cd5f6a_fk_blog_blog_id; Type: FK CONSTRAINT; Schema: public; Owner: reversa
--

ALTER TABLE ONLY public.blog_blog_tags
    ADD CONSTRAINT blog_blog_tags_blog_id_e4cd5f6a_fk_blog_blog_id FOREIGN KEY (blog_id) REFERENCES public.blog_blog(id) DEFERRABLE INITIALLY DEFERRED;


--
-- Name: blog_blog_tags blog_blog_tags_tag_id_36a3abc6_fk_blog_tag_id; Type: FK CONSTRAINT; Schema: public; Owner: reversa
--

ALTER TABLE ONLY public.blog_blog_tags
    ADD CONSTRAINT blog_blog_tags_tag_id_36a3abc6_fk_blog_tag_id FOREIGN KEY (tag_id) REFERENCES public.blog_tag(id) DEFERRABLE INITIALLY DEFERRED;


--
-- Name: blog_blog blog_blog_user_id_0e1a17e5_fk_user_profile_user_id; Type: FK CONSTRAINT; Schema: public; Owner: reversa
--

ALTER TABLE ONLY public.blog_blog
    ADD CONSTRAINT blog_blog_user_id_0e1a17e5_fk_user_profile_user_id FOREIGN KEY (user_id) REFERENCES public.user_profile_user(id) DEFERRABLE INITIALLY DEFERRED;


--
-- Name: blog_comment blog_comment_blog_id_c664fb0d_fk_blog_blog_id; Type: FK CONSTRAINT; Schema: public; Owner: reversa
--

ALTER TABLE ONLY public.blog_comment
    ADD CONSTRAINT blog_comment_blog_id_c664fb0d_fk_blog_blog_id FOREIGN KEY (blog_id) REFERENCES public.blog_blog(id) DEFERRABLE INITIALLY DEFERRED;


--
-- Name: blog_comment blog_comment_user_id_59a54155_fk_user_profile_user_id; Type: FK CONSTRAINT; Schema: public; Owner: reversa
--

ALTER TABLE ONLY public.blog_comment
    ADD CONSTRAINT blog_comment_user_id_59a54155_fk_user_profile_user_id FOREIGN KEY (user_id) REFERENCES public.user_profile_user(id) DEFERRABLE INITIALLY DEFERRED;


--
-- Name: blog_reply blog_reply_comment_id_be7970f5_fk_blog_comment_id; Type: FK CONSTRAINT; Schema: public; Owner: reversa
--

ALTER TABLE ONLY public.blog_reply
    ADD CONSTRAINT blog_reply_comment_id_be7970f5_fk_blog_comment_id FOREIGN KEY (comment_id) REFERENCES public.blog_comment(id) DEFERRABLE INITIALLY DEFERRED;


--
-- Name: blog_reply blog_reply_user_id_20c35f78_fk_user_profile_user_id; Type: FK CONSTRAINT; Schema: public; Owner: reversa
--

ALTER TABLE ONLY public.blog_reply
    ADD CONSTRAINT blog_reply_user_id_20c35f78_fk_user_profile_user_id FOREIGN KEY (user_id) REFERENCES public.user_profile_user(id) DEFERRABLE INITIALLY DEFERRED;


--
-- Name: django_admin_log django_admin_log_content_type_id_c4bce8eb_fk_django_co; Type: FK CONSTRAINT; Schema: public; Owner: reversa
--

ALTER TABLE ONLY public.django_admin_log
    ADD CONSTRAINT django_admin_log_content_type_id_c4bce8eb_fk_django_co FOREIGN KEY (content_type_id) REFERENCES public.django_content_type(id) DEFERRABLE INITIALLY DEFERRED;


--
-- Name: django_admin_log django_admin_log_user_id_c564eba6_fk_user_profile_user_id; Type: FK CONSTRAINT; Schema: public; Owner: reversa
--

ALTER TABLE ONLY public.django_admin_log
    ADD CONSTRAINT django_admin_log_user_id_c564eba6_fk_user_profile_user_id FOREIGN KEY (user_id) REFERENCES public.user_profile_user(id) DEFERRABLE INITIALLY DEFERRED;


--
-- Name: events_event events_event_category_id_01d3a3ab_fk_events_eventcategory_id; Type: FK CONSTRAINT; Schema: public; Owner: reversa
--

ALTER TABLE ONLY public.events_event
    ADD CONSTRAINT events_event_category_id_01d3a3ab_fk_events_eventcategory_id FOREIGN KEY (category_id) REFERENCES public.events_eventcategory(id) DEFERRABLE INITIALLY DEFERRED;


--
-- Name: events_event events_event_user_id_39865209_fk_user_profile_user_id; Type: FK CONSTRAINT; Schema: public; Owner: reversa
--

ALTER TABLE ONLY public.events_event
    ADD CONSTRAINT events_event_user_id_39865209_fk_user_profile_user_id FOREIGN KEY (user_id) REFERENCES public.user_profile_user(id) DEFERRABLE INITIALLY DEFERRED;


--
-- Name: gallery_galleryimage gallery_galleryimage_category_id_605b74e9_fk_gallery_g; Type: FK CONSTRAINT; Schema: public; Owner: reversa
--

ALTER TABLE ONLY public.gallery_galleryimage
    ADD CONSTRAINT gallery_galleryimage_category_id_605b74e9_fk_gallery_g FOREIGN KEY (category_id) REFERENCES public.gallery_gallerycategory(id) DEFERRABLE INITIALLY DEFERRED;


--
-- Name: gallery_galleryimage gallery_galleryimage_user_id_a8330668_fk_user_profile_user_id; Type: FK CONSTRAINT; Schema: public; Owner: reversa
--

ALTER TABLE ONLY public.gallery_galleryimage
    ADD CONSTRAINT gallery_galleryimage_user_id_a8330668_fk_user_profile_user_id FOREIGN KEY (user_id) REFERENCES public.user_profile_user(id) DEFERRABLE INITIALLY DEFERRED;


--
-- Name: herophotos_herophoto herophotos_herophoto_user_id_6e3abfcb_fk_user_profile_user_id; Type: FK CONSTRAINT; Schema: public; Owner: reversa
--

ALTER TABLE ONLY public.herophotos_herophoto
    ADD CONSTRAINT herophotos_herophoto_user_id_6e3abfcb_fk_user_profile_user_id FOREIGN KEY (user_id) REFERENCES public.user_profile_user(id) DEFERRABLE INITIALLY DEFERRED;


--
-- Name: user_profile_follow user_profile_follow_followed_by_id_91b02fb2_fk_user_prof; Type: FK CONSTRAINT; Schema: public; Owner: reversa
--

ALTER TABLE ONLY public.user_profile_follow
    ADD CONSTRAINT user_profile_follow_followed_by_id_91b02fb2_fk_user_prof FOREIGN KEY (followed_by_id) REFERENCES public.user_profile_user(id) DEFERRABLE INITIALLY DEFERRED;


--
-- Name: user_profile_follow user_profile_follow_followed_id_4054918f_fk_user_prof; Type: FK CONSTRAINT; Schema: public; Owner: reversa
--

ALTER TABLE ONLY public.user_profile_follow
    ADD CONSTRAINT user_profile_follow_followed_id_4054918f_fk_user_prof FOREIGN KEY (followed_id) REFERENCES public.user_profile_user(id) DEFERRABLE INITIALLY DEFERRED;


--
-- Name: user_profile_user_followers user_profile_user_fo_follow_id_c5697a74_fk_user_prof; Type: FK CONSTRAINT; Schema: public; Owner: reversa
--

ALTER TABLE ONLY public.user_profile_user_followers
    ADD CONSTRAINT user_profile_user_fo_follow_id_c5697a74_fk_user_prof FOREIGN KEY (follow_id) REFERENCES public.user_profile_follow(id) DEFERRABLE INITIALLY DEFERRED;


--
-- Name: user_profile_user_followers user_profile_user_fo_user_id_58b6210c_fk_user_prof; Type: FK CONSTRAINT; Schema: public; Owner: reversa
--

ALTER TABLE ONLY public.user_profile_user_followers
    ADD CONSTRAINT user_profile_user_fo_user_id_58b6210c_fk_user_prof FOREIGN KEY (user_id) REFERENCES public.user_profile_user(id) DEFERRABLE INITIALLY DEFERRED;


--
-- Name: user_profile_user_groups user_profile_user_gr_user_id_cefab937_fk_user_prof; Type: FK CONSTRAINT; Schema: public; Owner: reversa
--

ALTER TABLE ONLY public.user_profile_user_groups
    ADD CONSTRAINT user_profile_user_gr_user_id_cefab937_fk_user_prof FOREIGN KEY (user_id) REFERENCES public.user_profile_user(id) DEFERRABLE INITIALLY DEFERRED;


--
-- Name: user_profile_user_groups user_profile_user_groups_group_id_7cd4b3f5_fk_auth_group_id; Type: FK CONSTRAINT; Schema: public; Owner: reversa
--

ALTER TABLE ONLY public.user_profile_user_groups
    ADD CONSTRAINT user_profile_user_groups_group_id_7cd4b3f5_fk_auth_group_id FOREIGN KEY (group_id) REFERENCES public.auth_group(id) DEFERRABLE INITIALLY DEFERRED;


--
-- Name: user_profile_user_user_permissions user_profile_user_us_permission_id_fcfd8bc0_fk_auth_perm; Type: FK CONSTRAINT; Schema: public; Owner: reversa
--

ALTER TABLE ONLY public.user_profile_user_user_permissions
    ADD CONSTRAINT user_profile_user_us_permission_id_fcfd8bc0_fk_auth_perm FOREIGN KEY (permission_id) REFERENCES public.auth_permission(id) DEFERRABLE INITIALLY DEFERRED;


--
-- Name: user_profile_user_user_permissions user_profile_user_us_user_id_bdd85bfb_fk_user_prof; Type: FK CONSTRAINT; Schema: public; Owner: reversa
--

ALTER TABLE ONLY public.user_profile_user_user_permissions
    ADD CONSTRAINT user_profile_user_us_user_id_bdd85bfb_fk_user_prof FOREIGN KEY (user_id) REFERENCES public.user_profile_user(id) DEFERRABLE INITIALLY DEFERRED;


--
-- PostgreSQL database dump complete
--

\unrestrict 8rs6kqAfs2DaspHxsPa3B2UCl17GrOLfi0P9xoGdHLR7uLzqa7rG780ysLrQZD7

